"User", "PIN"
"Bruce Springsteen", "tdQlGRnP0W8iloJqee1dCQ=="
"Anna Christiansen", "LdleDKEEjJbFjC7L82QQyQ=="
"Emilia Loniki", "eoid7gAiN1B6w6bQCSVAbA=="
"Manfred Keys", "wtNC8zrJzDrGdY4AcvsDRg=="
"Nina Humboldt", "HSi5Lta0uWM2+aG9qMJ6JQ=="
"Felix Keys", "RBwKH8+bOYZCDt7oN5P+Wg=="
"Laura Fugenstein", "DwhMOtm2+xnxFIpqImh6Ng=="
"Momme Abel", "JNM8JMLrqhXZYvFhMx5Qzg=="
"Leonie Struppi", "ibTOuJXH3ETtyooPjQ7fhQ=="
"Magda Müller", "s44WddJce20/W+/vwLAg8w=="
"Paul Wagner", "Vu0OT0KU8JevMSEfac3DVA=="
"Michaela Humboldt", "yD7s+1rYMXsFgTHBnHIkoA=="
"Leonie Maier", "Nt0vDRUquhFbn2lIIpk6sw=="
"Elias Abel", "4p77vKE8FduPzm4zxzRhIw=="
"Luis Jackson", "0SCGgnnfSui1YC/J/VcD6g=="
"Emma Jackson", "EaL2xgaqE6P36dZ7f/0KOg=="
"Emma Maier", "eXpjYXa48R6UUgDijdeoRw=="
"Michaela Ekel", "BQhaB/OED1op/9VSQmC5zg=="
"Max Müller", "XOMe2AhJYD3der30/k9nuQ=="
"Ben Dauermann", "TLXMWD35iFcmQuex8LvJCg=="
"Paul Jackson", "oo1XCABM2Wbp1VRSqNTefg=="
"Momme Ekel", "ku4k7E1per496mhxytRaaA=="
"Ben Hagen", "BmsNOYohBn+xbM66f9F33g=="
"Manfred Fugenstein", "VhGQvHwLeLQERoFXSKZ2iQ=="
"Robby Müller", "ET0TBftXvEdcAMYKzdQi1g=="
"Emma Loniki", "wje4IpQcTnKf3iBms72Gmw=="
"Bruce Fugenstein", "l8C0mce/WCBCiiH9pbU2Ig=="
"Philipp Wagner", "sTQfp32Knlp3hN+/lMrB+g=="
"Noah Springsteen", "44K7qXbuJb+Ov/gzZkyYJg=="
"Nina Keys", "lF3I3GVWIuFzSiP1RMN+Dg=="
"Momme Christiansen", "K6wDQqLFCHMHfZVlOfgY3g=="
"Marie Williams", "KFmzKJlBHrzXD2FLgKbl9Q=="
"Mia Loniki", "u0omn/A+mpqSObxdmTymLg=="
"Anna Wagner", "ts9EHJHucwUh5GugCTjWVQ=="
"Leon Dauermann", "TQ0xnXoLkGqdCSmCtQacUQ=="
"Emilia Gebauer", "sU0ueEd56IuIsSVhA3QefQ=="
"Alica Jackson", "TMrH0OnoWLbm8ItEFjW11Q=="
"Nena Huber", "yftWYvNr71yfHlSxh634CA=="
"Luis Ekel", "HcgwbeQrjXd6PsbSpzzt+g=="
"Emily Abel", "j5d4zYkKzxkoCFnDRj5lQw=="
"Niklas Humboldt", "hwo6NCyrY40vu7toXwmshA=="
"Michaela Abel", "VdHQ7K5NVIK5Tfnu0vlknw=="
"Paul Springsteen", "1breFG+lKU41k3KFdEtzGw=="
"Emilia Abel", "374brrrKS1/fMXekaiU7gw=="
"Robby Abel", "jkOmzN4b93759UvoprkJxg=="
"Anna Fugenstein", "zSOuaN83ObNz3nlLK6nUMw=="
"Maja Humboldt", "rC2Xv2SRHDF4GON4YS92xw=="
"Julian Hagen", "RGHS0xaMehA3ZrGC9Zyg7g=="
"Tim Wagner", "7leWxyEm4oJJiv6dhx1/EQ=="
"Sofia Hagen", "tD6wYOUyiw3jZEcCmImcGw=="
"Luca Maier", "3JcyrmXJJqVfq8Q6dOYWIA=="
"Finn Springsteen", "oeCMaUqQXQnjxb1SdQy6BA=="
"Alica Huber", "J6rG7IwnIppRXGGvnn5Upg=="
"Jonas Springsteen", "zO+OB2uZLqBF8zFOWVDqGw=="
"Leonie Huber", "MPr9T1+QvZhew3r94emUvw=="
"Jonas Müller", "GyFZsegD6ZQFr4snIxqXDg=="
"Luca Humboldt", "ptQ/oQNwqmbm3aXIeEZ4Sg=="
"Luca Meier", "6y1bg+85/CtLIcs6ITfreQ=="
"Maja Abel", "BeDIdzXQYQgJ6hM8KTwrPA=="
"Luis Dauermann", "vJClFqOnHirsMwkvG+yLWQ=="
"Hannah Bauer", "EQvSpR+HZPLa90hccOBbWg=="
"Julian Struppi", "+DIn8HwH6U4gmVL8dA13xg=="
"Bruce Müller", "Nn1QU97DKJySq5scBxo+0Q=="
"Norbert Abel", "dLw7YMbp2dlfapGz6LklAA=="
"Emily Keys", "euYpXC25aV036ZJFsHBiVg=="
"Elias Ekel", "8z32IRSvFVaVh+p1PbtuIg=="
"Lukas Bauer", "w0GwTu9/ogMOxGk8BRdxiw=="
"Jan Williams", "JSjABe3WYRTrSBtUT+E44Q=="
"Lukas Jackson", "Ub0X6elvkM33oTZRbEPs6g=="
"Niklas Mozart", "X7Vjim8t+9a0ZApBIqYi9A=="
"Laura Abel", "0BU7xNKIx0ju0UmVFnF+lA=="
"Lukas Dauermann", "J0suJfbUcSKInx46Jno4Og=="
"Momme Humboldt", "4XMch09QOJtgI8rN2FiB9g=="
"Robby Huber", "3NOLLxpm7DZqD80u+DrMYw=="
"Elias Wagner", "yrkvy+aGZhMqgRMcxA+rDg=="
"Lena Meier", "IWgHvfQFQcRnpcxl+iXGTQ=="
"Tessa Keys", "dubQqvclIogKu8pMrBIClA=="
"Jan Christiansen", "P5zsEIOiSO3DBT/Zyyxunw=="
"Marie Ekel", "fAciDEamDDPqy7XMTbap6Q=="
"Lilly Gebauer", "Q+RImrKz3x0m9R3xSoDtiQ=="
"Lilly Müller", "GE7q8j/qMAAf9ghAwzdyXw=="
"Erik Bauer", "usp4wl9HWllTzDUOiFAvkw=="
"Maja Bauer", "GxbjTPxRU8K1TeFXPetIvA=="
"Michaela Müller", "eKIrLvJxJPK+8t/ZgtKYxw=="
"Lukas Struppi", "IqoAjy4DyP/usOwzVtB36A=="
"Anna Ekel", "YDg7kbEKRJ9gwV16029uTg=="
"Laura Meier", "xXdcaaOlkgEeGSwAp4v4DQ=="
"Hannah Humboldt", "kJl53syJaA0Ssss7+cJy/g=="
"Niklas Dauermann", "B820Z8Le0vs5/mz2qehecg=="
"Sofia Jackson", "L5g2TV/QBZDX/4LUW9g2TQ=="
"Jan Fugenstein", "AF2WgQnA5aO7ZVn8Fkvh0w=="
"Marie Müller", "JDkgrWDuzNo1NN8iMZnA9w=="
"Niklas Müller", "atBjUsr9J8/ZLigFRHh/8g=="
"Alica Struppi", "ROQkcpZ+mphHBLFiF+f6MQ=="
"Moritz Fugenstein", "8SRZW9CqhVSejczHw1nU7A=="
"Emilia Wagner", "8651AUpmvecWil68QufVNQ=="
"Luis Gebauer", "lRE1e+y0PpnJ2L/rbndc2g=="
"Robby Ekel", "o5C95inQ36fQFF281COHEQ=="
"Charlotte Struppi", "Ka7MCh5Ojv48tVDbrAu2ZA=="
"Emma Bauer", "407QysmA842I+nv8kCtg4A=="
"Alica Williams", "L3I7NHz9oZCtJOmAOtgJqw=="
"Jonas Maier", "Y+wN5cVB3hEchdX3Fuh92w=="
"Moritz Abel", "qNquMXtSGA9DR3P/yo/Z/Q=="
"Lena Williams", "AZ0OrfKUML29yXzdXGxzJw=="
"Lukas Gebauer", "9YfjekTffS6sKqVbhpoxjA=="
"Paul Fugenstein", "jtW56x10YBfkk0ZH2w7BUA=="
"Noah Keys", "IetzvdW0aPUQlTj+lgeeHg=="
"Maren Müller", "cWtgB78+qqavr2rsyq0sqQ=="
"Philipp Mozart", "JoZwoMkX7gHjj75MF0yOKg=="
"Elias Struppi", "ZFnS3zopWcAeaXtzFKKpEg=="
"Felix Dauermann", "MTFSnw1ATLkazjTHmYnNlw=="
"Mia Fugenstein", "NgC8fU9prEJtBn/NT0yWeA=="
"Tim Ekel", "mEfpnEDgMXKJ/e5XQHdsXA=="
"Anna Struppi", "rGBfjk81mZymcKAud+JhNg=="
"Lina Ekel", "C25+bu1GtL+clA6xqsuMNQ=="
"Manfred Springsteen", "rIjVKwE7AniF2wyq/TIKiQ=="
"Maja Loniki", "4+Jb7s8c3jl9LTz4h691BA=="
"Maren Humboldt", "eKK9AyJy4q9tCtCQitDi3g=="
"Momme Loniki", "J54+/xqfmskuxobmqEp4Bw=="
"Felix Müller", "nt72gcx6w34SLsunY1Ptog=="
"Maja Christiansen", "zjO3hiybB8qufOmjKozNZQ=="
"Elias Huber", "Qvk0Ik4H0DvgSYoYKsWqjg=="